,prompt_id
30,30
377,377
535,535
363,363
583,583
165,165
551,551
312,312
309,309
616,616
355,355
39,39
231,231
603,603
63,63
192,192
481,481
67,67
72,72
655,655
139,139
174,174
70,70
23,23
541,541
250,250
350,350
107,107
141,141
650,650
544,544
110,110
593,593
280,280
136,136
422,422
208,208
86,86
44,44
531,531
634,634
290,290
338,338
357,357
292,292
227,227
591,591
425,425
522,522
352,352
493,493
60,60
598,598
426,426
468,468
66,66
332,332
375,375
381,381
557,557
260,260
235,235
218,218
382,382
305,305
137,137
538,538
76,76
436,436
266,266
215,215
334,334
523,523
209,209
444,444
198,198
299,299
597,597
844,844
497,497
316,316
294,294
622,622
96,96
120,120
548,548
78,78
239,239
210,210
652,652
590,590
65,65
319,319
286,286
611,611
328,328
314,314
49,49
168,168
572,572
33,33
31,31
417,417
525,525
247,247
109,109
77,77
346,346
213,213
82,82
298,298
331,331
432,432
532,532
599,599
5,5
54,54
265,265
478,478
333,333
97,97
211,211
584,584
